caption_length,mean_alignment_iou,num_word_matches
7,0.0,1
8,0.17213224642093689,16
9,0.09190120351605924,29
10,0.13910473069973564,30
11,0.16095794676876246,11
12,0.0031071611533957846,8
13,0.0,1
14,0.0,3
15,0.0,1
